,Player,Position,VOR Rank,ADP Rank,Tier,full_year_score,full_year_tier,half_1_score,half_1_tier,half_2_score,half_2_tier,quarter_1_score,quarter_1_tier,quarter_2_score,quarter_2_tier,quarter_3_score,quarter_3_tier,final_6_score,final_6_tier,avg_score,avg_tier
0,Christian McCaffrey,RB,2,1,1,18.61093439563445,1.0,18.13793655032899,1.0,19.083932240939912,1.0,19.47373723118898,1.0,17.76196323558772,2.0,19.46415987189148,2.0,18.74265179682678,2.0,18.75361647462833,1.4285714285714286
1,CeeDee Lamb,WR,1,2,1,18.0186270071248,1.0,17.529966494537344,2.0,18.644343233397727,1.0,16.30786188443676,3.0,17.4921849821879,2.0,19.17420549736597,1.0,18.666107040762963,1.0,17.976185162830497,1.5714285714285714
2,Tyreek Hill,WR,3,3,2,18.07775746336849,1.0,17.826774992863633,1.0,17.888611229015225,2.0,18.147134402600628,2.0,17.773204765729723,2.0,18.421955133272785,2.0,18.23064882307049,1.0,18.052298115703,1.5714285714285714
3,Ja'Marr Chase,WR,7,4,2,16.796612407319273,3.0,17.69666975296463,1.0,15.88401926110466,4.0,17.140470297419277,3.0,18.800016364340813,1.0,16.665128398760164,4.0,15.95275727724845,4.0,16.990810537022465,2.857142857142857
4,Justin Jefferson,WR,5,5,2,17.131128312856667,2.0,17.311034422780956,2.0,16.951222202932378,3.0,18.073357815917014,2.0,17.420169760880245,2.0,,,16.951222202932378,2.0,17.306355786383275,2.1666666666666665
5,Bijan Robinson,RB,8,6,2,15.020525152207036,7.0,14.544194510544678,8.0,15.501645227951716,5.0,15.467165124540042,7.0,13.931178597059514,10.0,15.292736389416213,7.0,15.580123466077726,7.0,15.04822406682813,7.285714285714286
6,Breece Hall,RB,6,7,2,16.16349694510004,4.0,15.365791883446144,6.0,16.817061627309275,3.0,13.793327368208883,11.0,16.3424771966094,4.0,15.87069698244558,6.0,17.23738966167277,3.0,15.9414630949703,5.285714285714286
7,A.J. Brown,WR,10,8,2,17.32939353778673,2.0,18.10614126912056,1.0,16.727772319169464,3.0,17.93656070097998,2.0,18.478823031595415,1.0,17.660703915708574,3.0,16.688685783456332,3.0,17.561154365402437,2.142857142857143
8,Puka Nacua,WR,9,9,2,17.15555893634657,2.0,17.51296357623601,2.0,16.71107081083398,3.0,18.131025096097517,2.0,17.570891420959768,2.0,16.875504253461337,4.0,16.479394710401554,3.0,17.20520125776239,2.571428571428572
9,Garrett Wilson,WR,12,10,3,16.029717883897526,4.0,16.370431012138756,4.0,15.64775096310187,5.0,16.012589751030703,4.0,17.389894922646015,2.0,16.36371416207645,4.0,15.95510711720058,4.0,16.2527436874417,3.857142857142857
10,Marvin Harrison,WR,14,11,3,,,,,,,,,,,,,,,,
11,Drake London,WR,21,12,3,15.53394748209579,5.0,15.456337171284575,5.0,15.611557792907004,5.0,14.467620790018511,6.0,16.025185230657353,5.0,16.612520212744474,4.0,15.693878058437695,4.0,15.6287209625922,4.857142857142857
12,Jahmyr Gibbs,RB,29,13,2,15.862365500850036,5.0,15.582935144644203,5.0,16.04865240498726,4.0,14.517801338453326,9.0,16.510907576137033,4.0,17.29097076090918,3.0,15.73649496513531,7.0,15.935732527302337,5.285714285714286
13,Jonathan Taylor,RB,16,14,2,16.22278325764911,4.0,15.680849310930546,5.0,16.9531562694134,3.0,,,15.127223740002677,7.0,16.63598526240279,5.0,16.55333735372748,5.0,16.195555865687666,4.833333333333333
14,Davante Adams,WR,13,15,3,16.97539305337328,2.0,16.86825765475907,3.0,17.00577600891009,3.0,19.36147690951947,1.0,15.521054263996712,6.0,16.356705455266148,4.0,17.218789448634528,2.0,17.0439218277799,3.0
15,Chris Olave,WR,15,16,3,16.168928337851064,4.0,15.998849140093414,4.0,16.37278261943255,3.0,16.671869312220498,3.0,14.972670731648812,7.0,16.76727594034062,4.0,16.437988748875412,3.0,16.19862354720891,4.0
16,Nico Collins,WR,18,17,3,16.659375633489656,3.0,16.275384699975156,4.0,16.97610688347517,3.0,16.985725898153046,3.0,16.418051815980164,4.0,16.772985647832577,4.0,17.167554719020735,2.0,16.750740756846643,3.2857142857142856
17,Brandon Aiyuk,WR,26,18,3,16.68898661442244,3.0,16.945038716386648,3.0,16.48983497956139,3.0,17.991200519430524,2.0,16.58940718575448,4.0,16.560521412590944,4.0,16.446201472069916,3.0,16.81588441431662,3.142857142857143
18,Jaylen Waddle,WR,34,19,3,16.32734593132971,4.0,15.887019310414145,4.0,16.624176646192293,3.0,15.347163289301774,4.0,16.32162866373083,4.0,17.11584379654677,4.0,17.177034010876536,2.0,16.400030235484582,3.571428571428572
19,Deebo Samuel,WR,23,20,3,16.066716328303414,4.0,15.540003093418711,5.0,16.417858484893216,3.0,16.32723999176604,3.0,13.815776655822,9.0,16.35824008096475,4.0,16.859708655118848,2.0,15.912220470040998,4.285714285714286
20,Mike Evans,WR,19,21,3,16.44791725017406,4.0,16.224131274656347,4.0,16.66395500962425,3.0,16.920572304786663,3.0,14.920744237839903,7.0,16.98985664716554,4.0,16.407249328978615,3.0,16.36777515046077,4.0
21,Saquon Barkley,RB,11,22,2,17.17411686346262,2.0,17.952345418669243,1.0,16.726766765372886,3.0,17.200401234652904,4.0,18.498644243604968,1.0,17.399246008872904,3.0,16.44961316302395,5.0,17.343019099665643,2.7142857142857144
22,DeVonta Smith,WR,27,23,3,16.0154240929273,4.0,15.372290379025548,5.0,16.68997563456835,3.0,15.794567384165232,4.0,15.093706523619158,7.0,18.22604704606213,2.0,16.281013501454293,3.0,16.210432080260286,4.0
23,Malik Nabers,WR,52,24,4,,,,,,,,,,,,,,,,
24,Cooper Kupp,WR,22,25,3,16.30049083501523,4.0,16.1630343928691,4.0,16.19075523410705,4.0,,,16.519962036831583,4.0,14.445975835223392,8.0,16.91160792917955,2.0,16.08863771053765,4.333333333333333
25,De'Von Achane,RB,43,26,3,15.0534304522703,7.0,15.04286765199994,7.0,15.059466338139078,6.0,14.907474990766213,8.0,15.832404291646784,5.0,11.06322730227804,16.0,15.725506177449253,7.0,14.669196743507086,8.0
26,DK Metcalf,WR,30,27,3,15.48083159466159,5.0,15.346750149968896,5.0,15.471843976058144,5.0,15.462102260583627,4.0,15.361023676732222,6.0,15.69884827976573,5.0,15.543960516628337,4.0,15.48076577919979,4.857142857142857
27,DJ Moore,WR,24,28,3,16.101770096276585,4.0,16.403477037483373,4.0,15.783925734778734,5.0,16.59210829418209,3.0,17.13409620273969,3.0,16.32250177282922,4.0,15.549065726197464,4.0,16.26956355206959,3.857142857142857
28,Kyren Williams,RB,20,29,2,18.517037919768097,1.0,17.652758373360253,2.0,19.38131746617594,1.0,17.693873741706938,3.0,17.479703876279775,2.0,20.83297992547869,1.0,19.38131746617594,1.0,18.70556982413509,1.5714285714285714
29,Stefon Diggs,WR,31,30,3,16.752274257320515,3.0,17.39059103105193,2.0,16.259331745690037,4.0,17.531751816025196,2.0,17.572674778312653,2.0,16.36485275139763,4.0,16.188355681779495,3.0,16.865690294511065,2.857142857142857
30,Michael Pittman,WR,25,31,3,16.111508620468097,4.0,15.528272132037715,5.0,16.9867136630047,3.0,15.47728166875122,4.0,14.941647867856554,7.0,17.302521722929136,3.0,16.976181241704975,2.0,16.18916098810749,4.0
31,Derrick Henry,RB,36,32,3,15.83834862795582,5.0,16.01597443452421,4.0,15.869810143201931,4.0,15.704394541736749,7.0,15.915894284419892,5.0,16.00989297422775,6.0,16.087333479429606,6.0,15.920235497927994,5.285714285714286
32,Zay Flowers,WR,32,33,3,16.061793457069207,4.0,16.01213130206328,4.0,15.792646404218036,4.0,16.464697399310968,3.0,16.2652152731636,4.0,15.174638951091495,6.0,16.378069808940303,3.0,16.021313227979558,4.0
33,Tank Dell,WR,44,34,3,16.07536007255036,4.0,15.773405811468155,4.0,17.44111910061416,2.0,15.497662704693887,4.0,14.516019892110483,8.0,16.877652507033577,4.0,16.701426578608313,3.0,16.12609238101128,4.142857142857143
34,Travis Kelce,TE,17,35,1,17.60613172147054,1.0,18.374554855447062,1.0,16.3011728455753,4.0,18.592585432304897,1.0,19.287088616258167,1.0,16.128318946433005,4.0,16.567115547445944,3.0,17.550995423562135,2.142857142857143
35,Sam LaPorta,TE,28,36,1,16.86776056792461,2.0,17.014936623932073,2.0,16.73693740702909,3.0,17.101090814613258,2.0,17.031108392674724,3.0,15.98395929225214,4.0,17.227452849053506,2.0,16.85189227821134,2.571428571428572
36,Josh Allen,QB,50,37,1,,,,,,,,,,,,,,,,
37,Christian Kirk,WR,55,38,4,15.424809910058933,5.0,15.573230369280864,5.0,15.127968991615065,6.0,15.67856323798642,4.0,16.124093782043026,5.0,15.971965442359457,5.0,14.681511973504133,6.0,15.51173481526398,5.142857142857143
38,George Pickens,WR,56,39,4,15.76949171967085,5.0,15.877400491589178,4.0,15.486781336220016,5.0,15.754361647795562,4.0,16.487546707059277,4.0,14.913204015722116,6.0,15.776269115338968,4.0,15.723579290485135,4.571428571428571
39,Amari Cooper,WR,35,40,3,16.208692527741004,4.0,16.334377359172397,4.0,16.38767503814582,3.0,16.023244325421274,4.0,15.356316549736093,6.0,16.695648736498555,4.0,16.161468697769358,3.0,16.1667747477835,4.0
40,Tee Higgins,WR,40,41,3,15.276540198309153,5.0,15.431615881623818,5.0,15.67091337247677,5.0,14.90561901294259,5.0,14.807691119729512,7.0,17.432695621151197,3.0,15.059434241668615,6.0,15.512072778271664,5.142857142857143
41,Jalen Hurts,QB,46,42,1,,,,,,,,,,,,,,,,
42,Travis Etienne,RB,38,43,3,16.63132196463819,3.0,17.250132496718084,2.0,16.08126815834495,4.0,16.378801991589306,5.0,17.71579918186319,2.0,16.5253944414113,5.0,16.22394074411364,6.0,16.686665568382665,3.857142857142857
43,Terry McLaurin,WR,60,44,4,15.39209777301924,5.0,15.610288044754908,5.0,15.255071423712876,5.0,15.185579580833664,5.0,16.03957159795529,5.0,14.985086285360984,6.0,15.197416051582769,5.0,15.380730108174246,5.142857142857143
44,Isiah Pacheco,RB,37,45,3,16.46427982247125,4.0,15.64148495006192,5.0,17.619649614522448,2.0,15.768734369241956,7.0,15.71215521268309,6.0,16.412998426478755,5.0,18.28667387565556,2.0,16.557996610159282,4.428571428571429
45,Lamar Jackson,QB,70,46,1,,,,,,,,,,,,,,,,
46,Trey McBride,TE,53,47,2,15.692251734172284,4.0,14.326947362549715,5.0,16.78971093075461,3.0,13.557539207337491,9.0,14.749007567229649,5.0,16.424433957736674,4.0,17.2231634363918,2.0,15.537579170881749,4.571428571428571
47,Hollywood Brown,WR,69,48,4,,,,,,,,,,,,,,,,
48,Mark Andrews,TE,33,49,1,17.60069993086581,1.0,18.169536125165177,1.0,16.16110727716034,4.0,18.736291638052347,1.0,18.67665489501029,2.0,16.763566319359075,3.0,,,17.684642697602175,2.0
49,Keenan Allen,WR,57,50,4,17.74564420785705,1.0,17.70931051856173,1.0,17.8568266763321,2.0,18.49322437318272,2.0,16.471527723687657,4.0,18.770401474144748,1.0,16.078973869066854,3.0,17.589415548976124,2.0
50,Dalton Kincaid,TE,61,51,2,15.471645489361029,5.0,15.20655808421364,4.0,15.890254111301548,4.0,15.017335850862354,5.0,14.976590813451446,5.0,15.769991189607005,4.0,15.37013238500615,5.0,15.386072560543308,4.571428571428571
51,Josh Jacobs,RB,49,52,3,17.112200127092397,2.0,17.46748267253771,2.0,16.746940100470148,3.0,17.25355496847466,4.0,17.750094501783295,2.0,17.00043386026901,4.0,16.59978409601954,5.0,17.132927189520963,3.142857142857143
52,Jayden Reed,WR,65,53,4,15.2520586179956,5.0,14.885075108579224,6.0,15.410865990781092,5.0,15.633556570220629,4.0,14.550306653681766,8.0,15.144476041931576,6.0,15.7207993591986,4.0,15.228162620341212,5.428571428571429
53,Calvin Ridley,WR,45,54,3,15.791930444930156,4.0,15.306455552283758,5.0,16.223463682838066,4.0,15.015151967818396,5.0,15.440226225070225,6.0,17.005379063036713,4.0,16.12491953674877,3.0,15.843932353246585,4.428571428571429
54,Chris Godwin,WR,47,55,3,16.16666897557309,4.0,16.038215149200976,4.0,16.16371760235851,4.0,16.127308060633762,4.0,16.757284305961388,3.0,15.465468552364566,6.0,16.65810729254954,3.0,16.196681419805977,4.0
55,Anthony Richardson,QB,107,56,2,,,,,,,,,,,,,,,,
56,Kyle Pitts,TE,73,57,3,15.439652321257244,5.0,15.572987927921249,4.0,15.400917732894904,5.0,15.112280561348197,5.0,15.061878964955117,5.0,15.26130643125193,5.0,15.32255563998442,5.0,15.310225654230436,4.857142857142857
57,James Cook,RB,48,58,3,15.745034695438562,5.0,15.21761989796216,6.0,16.164430888887644,4.0,15.654455898965844,7.0,14.713220894203609,8.0,15.587511200373315,7.0,16.543566758955432,5.0,15.660834319255224,6.0
58,Joe Mixon,RB,40,59,3,16.751900534404328,3.0,16.691362207768176,3.0,16.888228568035725,3.0,16.102184109193818,6.0,16.693640607445413,3.0,16.38742234724001,5.0,16.885012748237916,4.0,16.628535874617913,3.857142857142857
59,Rachaad White,RB,42,60,3,16.828445372093718,3.0,16.710689262197548,3.0,17.308671024106786,2.0,16.47440187829732,5.0,15.767861591523603,6.0,17.29317776549544,3.0,17.09082501357334,4.0,16.78201027246968,3.7142857142857135
60,Xavier Worthy,WR,81,61,5,,,,,,,,,,,,,,,,
61,DeAndre Hopkins,WR,51,62,4,16.209600974928936,4.0,16.49159526203308,4.0,16.0379675561667,4.0,16.096811389069906,4.0,16.930520577949743,3.0,16.036330930686795,5.0,16.261554515504194,3.0,16.294911600905625,3.857142857142857
62,Rashee Rice,WR,59,63,4,15.50432432929762,5.0,14.437423965381804,6.0,16.61216932845442,3.0,14.139405602411191,6.0,14.784770737072687,7.0,15.903189604281016,5.0,17.254041267869397,2.0,15.51933211925259,4.857142857142857
63,Diontae Johnson,WR,63,64,4,12.01131522435521,14.0,11.38819855241195,16.0,12.426726338984052,13.0,11.406347093517216,16.0,11.18942832396724,16.0,12.585939342353369,13.0,12.387886241644452,14.0,11.913691588176212,14.571428571428571
64,Diontae Johnson,WR,63,64,4,16.03740374718112,4.0,16.829660373046554,3.0,16.059373983527117,4.0,13.22877152442192,8.0,17.33186867683074,2.0,16.816472024451834,4.0,15.91875747777738,4.0,16.031758258176666,4.142857142857143
65,Rome Odunze,WR,87,65,5,,,,,,,,,,,,,,,,
66,Jordan Addison,WR,61,66,4,15.204655930449174,5.0,15.534422912082666,5.0,14.911111267297876,6.0,14.4627300796012,6.0,15.864866335993533,5.0,15.949181143926264,5.0,14.62112602327364,6.0,15.22115624180348,5.428571428571429
67,Ladd McConkey,WR,75,67,5,,,,,,,,,,,,,,,,
68,Christian Watson,WR,67,68,4,15.176368640658596,5.0,14.589311490799233,6.0,15.550714932185722,5.0,13.62900712238574,7.0,14.708435776249692,7.0,15.225522409937517,6.0,17.946312327184586,1.0,15.260810385628725,5.285714285714286
69,C.J. Stroud,QB,111,69,2,,,,,,,,,,,,,,,,
70,George Kittle,TE,64,70,2,17.246954968138542,2.0,17.13436603913907,2.0,17.359543897138014,2.0,16.547671895229605,3.0,16.978038399898303,3.0,19.437665771472297,1.0,16.44368364445349,3.0,17.306846373638475,2.2857142857142856
71,Brian Thomas,WR,86,71,5,,,,,,,,,,,,,,,,
72,Alvin Kamara,RB,38,72,3,17.25396049473131,2.0,18.0760497189014,1.0,16.43558187250099,4.0,17.435797359148907,4.0,18.563366290299825,1.0,16.55951637941302,5.0,16.579897534849703,5.0,17.272024235692164,3.142857142857143
73,Evan Engram,TE,54,73,2,16.538799034637496,3.0,16.296651190670318,3.0,16.75404156260832,3.0,16.579894823409305,3.0,16.174545334974415,4.0,15.406389217517368,5.0,17.052077999722904,2.0,16.40034273764859,3.2857142857142856
74,Jaxon Smith-Njigba,WR,79,74,5,14.723017354212336,6.0,14.620279128316342,6.0,14.960226585073446,6.0,13.742311142924407,7.0,15.164288484644269,7.0,15.144932351725371,6.0,14.927270595566425,6.0,14.75461794892323,6.285714285714286
75,David Montgomery,RB,93,75,4,15.778239017594826,5.0,16.921503968504258,3.0,15.143091822645143,6.0,17.218680301832993,4.0,17.67843295879161,2.0,15.314945025156351,7.0,15.106577074517828,8.0,16.16592430986329,5.0
76,David Montgomery,RB,93,75,4,13.496749556788426,8.0,,,13.496749556788426,9.0,,,,,,,13.496749556788426,9.0,13.496749556788425,8.666666666666666
77,Keon Coleman,WR,84,76,5,,,,,,,,,,,,,,,,
78,Rhamondre Stevenson,RB,91,77,4,15.906785421106273,5.0,15.574795077460468,5.0,16.76443403191894,3.0,15.642012688194926,7.0,15.1847030522377,7.0,17.26710707356523,3.0,16.059740261066903,6.0,16.057082515078633,5.142857142857143
79,Kyler Murray,QB,120,78,2,,,,,,,,,,,,,,,,
80,Aaron Jones,RB,76,79,4,16.000377896674276,5.0,15.533008959338286,5.0,16.70898880117574,3.0,14.828044023822292,8.0,14.141730790226507,9.0,15.391796492430002,7.0,17.473400605288553,3.0,15.725335366993669,5.714285714285714
81,Jake Ferguson,TE,71,80,3,16.16100592351291,4.0,16.017466107048705,3.0,16.634764218819484,3.0,16.217242210323707,3.0,15.477579986554518,5.0,15.507604793116824,5.0,16.867312333841756,2.0,16.12613936760256,3.571428571428572
82,Jameson Williams,WR,108,81,6,14.45994717333755,8.0,14.22245339790654,9.0,14.547033828410475,8.0,14.25396960232762,10.0,13.973249209047085,10.0,14.776665619762504,8.0,14.61674095474424,9.0,14.407151397933715,8.857142857142858
83,Jameson Williams,WR,108,81,6,13.918545103715791,7.0,13.354119887085208,8.0,14.200757712031086,7.0,,,13.354119887085208,10.0,14.118077071739886,8.0,14.332444208703542,7.0,13.87967731172679,7.833333333333333
84,Zamir White,RB,88,82,4,13.232692472225374,11.0,11.734392331986932,15.0,14.109620107914376,9.0,11.598697893317452,16.0,11.92341269908781,14.0,11.135970407230095,16.0,15.09373203036798,8.0,12.689788277447146,12.714285714285714
85,Najee Harris,RB,98,83,4,15.44405780090116,6.0,14.874130342834404,7.0,16.111099230401077,4.0,14.32500803543398,10.0,14.70903461778764,8.0,15.518974318225816,7.0,16.132154425899596,6.0,15.302065538783385,6.857142857142857
86,Courtland Sutton,WR,72,84,5,15.40379741018778,5.0,15.51208580878254,5.0,15.295509011593024,5.0,14.980733870305906,5.0,16.036440553188605,5.0,16.620578625295714,4.0,14.993803934993773,6.0,15.548992744906764,5.0
87,Jaylen Warren,RB,110,85,4,14.986002656242468,7.0,14.309707137498313,9.0,15.54670894713496,5.0,14.242080068583556,10.0,14.145879803297705,9.0,15.238012642387536,7.0,15.387117878760352,7.0,14.836501304843551,7.714285714285714
88,D'Andre Swift,RB,93,86,4,15.886248744293766,5.0,16.398251087712694,4.0,15.459658051086404,5.0,16.12248061186824,6.0,16.3602737348776,4.0,16.041498978270013,6.0,15.112262074110763,8.0,15.911524754602784,5.428571428571429
89,Curtis Samuel,WR,102,87,6,14.670255675963151,6.0,14.520826583530832,6.0,14.819684768395472,6.0,14.366066996291888,6.0,15.002904063218647,7.0,14.40768687410775,8.0,15.500561997284166,5.0,14.755426708398844,6.285714285714286
90,Jonathon Brooks,RB,112,88,4,13.047552109995166,9.0,,,13.047552109995166,10.0,,,,,13.434938480622584,10.0,12.954818127517132,10.0,13.121215207032511,9.75
91,Brock Bowers,TE,102,89,4,,,,,,,,,,,,,,,,
92,Joe Burrow,QB,102,90,2,,,,,,,,,,,,,,,,
93,James Conner,RB,80,91,4,16.32317763118702,4.0,15.349295032206069,6.0,16.931854255550114,3.0,16.07519641613239,6.0,13.36638635417151,11.0,15.416368951012588,7.0,17.326490476131397,3.0,15.826967016627297,5.714285714285714
94,Zack Moss,RB,102,92,4,15.46633992937153,6.0,16.094699482067814,4.0,14.355140430080528,8.0,17.255409816766274,4.0,16.02083618329805,5.0,13.15720185706594,12.0,15.283366820833104,7.0,15.376142074211891,6.571428571428571
95,Dak Prescott,QB,97,93,2,,,,,,,,,,,,,,,,
96,Raheem Mostert,RB,84,94,4,15.915313826006932,5.0,15.680497608164512,5.0,16.128644454722565,4.0,15.808193772903698,7.0,15.184741270331411,7.0,15.93374540099453,6.0,16.160287225442588,6.0,15.830203365509462,5.714285714285714
97,Jordan Love,QB,117,95,2,,,,,,,,,,,,,,,,
98,Tyler Lockett,WR,78,96,5,15.796986785547704,4.0,16.005930653903,4.0,15.628756036916574,5.0,15.585308726285568,4.0,16.422656896656576,4.0,16.088972280454016,5.0,15.52395251929534,4.0,15.864651985579826,4.285714285714286
99,Joshua Palmer,WR,121,97,6,14.858982164532756,6.0,14.627149159300911,6.0,15.39992584340706,5.0,13.77948317887649,7.0,15.87871336014463,5.0,14.417707100485169,8.0,15.39992584340706,5.0,14.908840950022013,6.0
100,David Njoku,TE,58,98,2,15.744423289517808,4.0,15.530706120481948,4.0,15.95629175822586,4.0,14.950287261292168,5.0,16.330031219925857,4.0,16.226604470140902,4.0,15.617755210527328,5.0,15.76515704715884,4.285714285714286
101,Jayden Daniels,QB,125,99,2,,,,,,,,,,,,,,,,
102,Tony Pollard,RB,122,100,5,16.861144746608616,3.0,16.997866050463077,3.0,16.73953462764218,3.0,17.765760844359562,3.0,15.742726115537002,6.0,16.16193236680116,6.0,16.975025436463294,4.0,16.7491414554107,4.0
103,Rashid Shaheed,WR,100,101,6,14.178484208751284,7.0,14.287281946312188,7.0,14.038659068894033,7.0,14.436763249341851,6.0,14.352618495895712,8.0,13.54801122383272,9.0,14.391248969045757,7.0,14.176152451724793,7.285714285714286
104,Khalil Shakir,WR,106,102,6,14.200061870218676,7.0,13.685085155258353,8.0,14.724285670134972,6.0,12.90774642316144,9.0,13.83926042946474,9.0,15.077562581909635,6.0,14.76211043972348,6.0,14.170873224267329,7.285714285714286
105,Romeo Doubs,WR,95,103,6,15.068602819123203,6.0,15.295249893459976,5.0,14.881830318675233,6.0,15.841484393911957,4.0,15.405076537089212,6.0,15.272446451858931,6.0,14.770796038663038,6.0,15.21935520754022,5.571428571428571
106,Brian Robinson,RB,99,104,4,15.020525152207036,7.0,14.544194510544678,8.0,15.501645227951716,5.0,15.467165124540042,7.0,13.931178597059514,10.0,15.292736389416213,7.0,15.580123466077726,7.0,15.04822406682813,7.285714285714286
107,Tyjae Spears,RB,130,105,5,14.583417720267072,8.0,14.299671971512382,9.0,14.884911281421902,7.0,14.081211955519516,10.0,14.262576442360151,9.0,13.841715094953551,11.0,15.1412214454321,8.0,14.442103701638096,8.857142857142858
108,Javonte Williams,RB,115,106,5,14.45994717333755,8.0,14.22245339790654,9.0,14.547033828410475,8.0,14.25396960232762,10.0,13.973249209047085,10.0,14.776665619762504,8.0,14.61674095474424,9.0,14.407151397933715,8.857142857142858
109,Javonte Williams,RB,115,106,5,13.918545103715791,7.0,13.354119887085208,8.0,14.200757712031086,7.0,,,13.354119887085208,10.0,14.118077071739886,8.0,14.332444208703542,7.0,13.87967731172679,7.833333333333333
110,Devin Singletary,RB,127,107,5,15.23423089437545,6.0,13.650387258059306,10.0,16.534301864738215,4.0,12.926758249323958,13.0,13.754304795900218,10.0,16.83431426808724,4.0,16.05803935360032,6.0,14.998905240583529,7.571428571428571
111,Trey Benson,RB,190,108,6,,,,,,,,,,,,,,,,
112,Caleb Williams,QB,137,109,3,,,,,,,,,,,,,,,,
113,Dallas Goedert,TE,89,110,3,16.08417728676248,4.0,16.216476721110823,3.0,16.076646148939382,4.0,15.55843158878656,4.0,16.357683875421095,4.0,16.23460161115139,4.0,15.846038304935462,4.0,16.05343650530103,3.857142857142857
114,Brandin Cooks,WR,95,111,6,14.878879328574678,6.0,14.15293980737636,7.0,15.226046107205129,5.0,14.120661561371705,6.0,14.488691420125978,8.0,15.709736182515124,5.0,15.193178041113052,5.0,14.824304635468865,6.0
115,Brock Purdy,QB,123,112,2,,,,,,,,,,,,,,,,
116,Jakobi Meyers,WR,82,113,5,15.587704851668573,5.0,15.85167415985146,4.0,15.34044589134514,5.0,15.838836797978937,4.0,15.49953325057748,6.0,15.078312637126974,6.0,15.753208914907182,4.0,15.56424521477939,4.857142857142857
117,Blake Corum,RB,195,114,6,,,,,,,,,,,,,,,,
118,Jerome Ford,RB,170,115,6,15.030120051482877,7.0,14.857334080496884,7.0,15.481679644518712,5.0,14.420801054324404,9.0,14.32433147563242,9.0,15.91882259340908,6.0,15.019676089734284,8.0,15.00753785565695,7.285714285714286
119,Trevor Lawrence,QB,129,116,3,,,,,,,,,,,,,,,,
120,Dontayvion Wicks,WR,173,117,8,14.167731153122164,7.0,13.657001077469904,8.0,14.64036321156112,6.0,13.703928343559475,7.0,13.46631138404348,10.0,14.317595788684317,8.0,14.809874483560687,6.0,14.108972206000164,7.428571428571429
121,Jerry Jeudy,WR,83,118,5,15.081538941493328,6.0,15.411405553849024,5.0,14.824976020772231,6.0,15.175669883497475,5.0,15.613618045367796,6.0,15.722713722252571,5.0,14.71857222712075,6.0,15.221213484907596,5.571428571428571
122,Chase Brown,RB,145,119,5,12.341661141346934,13.0,11.234897735570389,16.0,13.07950341186463,11.0,11.01019380305949,16.0,11.289060882303955,16.0,,,13.07950341186463,12.0,12.00580339766834,14.0
123,Mike Williams,WR,74,120,5,16.152404716036028,4.0,16.152404716036028,4.0,,,16.152404716036028,4.0,,,,,,,16.152404716036028,4.0
124,Adonai Mitchell,WR,138,121,7,,,,,,,,,,,,,,,,
125,Gus Edwards,RB,155,122,5,14.217163778417031,9.0,14.403481026888702,9.0,13.865417000573082,9.0,13.75874943610864,11.0,15.38290110581255,7.0,14.444750798968466,9.0,13.711168069215852,11.0,14.254804459426335,9.285714285714286
126,Austin Ekeler,RB,90,123,4,16.23091791309978,4.0,16.913954197395295,3.0,16.073302978271318,4.0,18.887076472386216,2.0,15.87091484276585,5.0,16.846186308920785,4.0,15.59785011572446,7.0,16.63145754693767,4.142857142857143
127,Jared Goff,QB,150,124,3,,,,,,,,,,,,,,,,
128,Josh Downs,WR,136,125,7,14.933957329349107,6.0,15.52545960100013,5.0,14.106502907315267,7.0,14.764295470681231,5.0,16.530317884666847,4.0,14.566787131987809,7.0,14.420440246550251,7.0,14.978251510221522,5.857142857142857
129,Ezekiel Elliott,RB,132,126,5,15.11164069467997,7.0,13.82305344206942,10.0,16.30776993636923,4.0,13.5156922159784,12.0,13.831641455834957,10.0,13.940359237459615,10.0,16.781573624276344,4.0,14.75881865809542,8.142857142857142
130,Tua Tagovailoa,QB,159,127,3,,,,,,,,,,,,,,,,
131,Dalton Schultz,TE,118,128,4,16.07983348407981,4.0,16.66496290528178,3.0,16.212254179864967,4.0,14.46146366018933,6.0,17.36929635028067,3.0,15.832996186596532,4.0,15.236425359976815,5.0,15.97960458946713,4.142857142857143
132,Jahan Dotson,WR,135,129,7,13.97015949676577,7.0,14.422818703009405,6.0,13.599929201927742,8.0,14.315143318498375,6.0,14.880498412030535,7.0,14.50837042634232,7.0,13.42601250385942,9.0,14.16041886606194,7.142857142857143
133,Gabe Davis,WR,114,130,6,14.88837310120892,6.0,15.030335901087089,6.0,14.453989208682476,6.0,15.252928936297348,4.0,15.406438626203297,6.0,16.02362599358664,5.0,14.741804559429866,6.0,15.113928046642236,5.571428571428571
134,Zach Charbonnet,RB,188,131,6,14.10403318417587,9.0,13.095963487683036,12.0,14.7488159129741,7.0,12.989568268516974,13.0,12.976349191926358,12.0,15.382425602278769,7.0,14.473349735002111,9.0,13.967215054651032,9.857142857142858
135,Justin Herbert,QB,134,132,3,,,,,,,,,,,,,,,,
136,Pat Freiermuth,TE,127,133,4,15.075664576815171,5.0,13.990213006353022,6.0,15.69592261707926,4.0,13.990213006353022,8.0,13.044617213270438,8.0,17.802028385293937,2.0,15.981150258161158,4.0,15.082829866189432,5.285714285714286
137,Xavier Legette,WR,142,134,7,,,,,,,,,,,,,,,,
138,Ja'Lynn Polk,WR,165,135,8,,,,,,,,,,,,,,,,
139,Ty Chandler,RB,180,136,6,13.751377658509892,10.0,11.710443264388203,15.0,15.026961654835947,6.0,11.971711103793355,15.0,11.318541505280477,16.0,14.020370885703445,10.0,15.155169257057972,8.0,13.279225047081328,11.428571428571429
140,Cole Kmet,TE,113,137,4,17.068527052495273,2.0,17.065570699674353,2.0,17.193916992380743,2.0,17.07161265224888,2.0,17.353999913427423,3.0,17.11296278493322,3.0,17.490711294710405,1.0,17.1939001985529,2.142857142857143
141,Nick Chubb,RB,119,138,5,15.285117956086244,6.0,15.285117956086244,6.0,,,15.285117956086244,7.0,,,,,,,15.285117956086244,6.333333333333333
142,Darnell Mooney,WR,126,139,6,14.393259025079947,7.0,14.401036453049652,6.0,14.646135665519706,6.0,13.845412437138824,7.0,14.56525074604383,8.0,14.372484033797472,8.0,14.782428375605004,6.0,14.42942953374778,6.857142857142857
143,Kirk Cousins,QB,144,140,3,,,,,,,,,,,,,,,,
144,Jermaine Burton,WR,149,141,7,,,,,,,,,,,,,,,,
145,Quentin Johnston,WR,146,142,7,13.942201039203203,7.0,13.43708959952724,8.0,14.374142773510036,7.0,13.026371724431156,9.0,13.938759560872768,9.0,14.517479286612794,7.0,14.322146770976158,7.0,13.93688439359048,7.714285714285714
146,Luke Musgrave,TE,160,143,5,14.795218205381191,6.0,14.924822509193032,4.0,14.89857331382777,6.0,15.091233688474384,5.0,13.664531424786944,7.0,15.003407632885311,5.0,12.343002027512355,11.0,14.388684114580142,6.285714285714286
147,T.J. Hockenson,TE,77,144,3,17.179093223820495,2.0,16.925846421669075,2.0,17.84363433872897,1.0,16.05847775319689,3.0,16.711604385201156,4.0,18.787274321196502,1.0,16.34619565551371,3.0,17.12173229990383,2.2857142857142856
148,Matthew Stafford,QB,163,145,3,,,,,,,,,,,,,,,,
149,Jaleel McLaughlin,RB,197,146,6,12.826608532160206,12.0,13.023621044069818,12.0,12.651486299351662,12.0,12.263699782038792,14.0,13.865103299953551,10.0,12.195013550337018,14.0,12.715831752707349,13.0,12.791623465802628,12.428571428571429
150,Adam Thielen,WR,92,147,5,16.68605251958159,3.0,17.279152912369998,2.0,16.061016699505,4.0,16.54602083729832,3.0,18.49246102330963,1.0,16.7323983110194,4.0,15.603673350238308,4.0,16.771539379046036,3.0
151,DeMario Douglas,WR,105,148,6,14.408996969711708,7.0,14.115033983778106,7.0,14.877656659565188,6.0,13.167666699541355,8.0,14.861157311111848,7.0,15.188062828366784,6.0,14.603886259732032,6.0,14.460351530258148,6.714285714285714
152,Hunter Henry,TE,153,149,5,15.332215016016418,5.0,15.032259795798398,4.0,16.01563323382813,4.0,16.955019192984096,2.0,13.62602128542736,7.0,15.149735785349089,5.0,16.355006370134834,3.0,15.495127239934046,4.285714285714286
153,Tyler Allgeier,RB,172,150,6,13.977711477093331,9.0,14.568889608089563,8.0,13.505331789663062,10.0,14.252372278275692,10.0,14.35049990894206,9.0,13.678135997360275,11.0,13.25885616155397,12.0,13.941685317282564,9.857142857142858
154,Deshaun Watson,QB,141,151,3,,,,,,,,,,,,,,,,
155,Antonio Gibson,RB,150,152,5,13.816758189262668,10.0,13.388012148589018,11.0,14.413533555843957,8.0,13.069643065045486,13.0,13.267930916294304,11.0,14.15715998026052,10.0,14.4041343354518,9.0,13.788167455821108,10.285714285714286
156,Wan'Dale Robinson,WR,116,153,6,15.146812949298573,5.0,14.864781809367994,6.0,15.402027766338392,5.0,15.019088901917502,5.0,14.97758022219719,7.0,14.723905543864756,7.0,15.837603241085992,4.0,15.138828633438626,5.571428571428571
157,Aaron Rodgers,QB,160,154,3,11.94924587803364,11.0,11.94924587803364,10.0,,,,,11.94924587803364,12.0,,,,,11.949245878033642,11.0
158,Roman Wilson,WR,175,155,8,,,,,,,,,,,,,,,,
159,Baker Mayfield,QB,153,156,3,,,,,,,,,,,,,,,,
160,Demarcus Robinson,WR,133,157,7,14.802873243887404,6.0,12.946630812376387,9.0,14.802873243887404,6.0,,,,,13.700301969184077,9.0,15.309363438261569,5.0,14.312408541519366,7.0
161,Michael Wilson,WR,142,158,7,14.44670480348366,7.0,14.621260823557463,6.0,14.16741517136557,7.0,14.91227850155388,5.0,14.839073810159457,7.0,14.65937787079619,7.0,14.114804793286892,8.0,14.537273682029015,6.714285714285714
162,Rashod Bateman,WR,152,159,7,14.111415444124033,7.0,13.546735571943264,8.0,14.625044053044263,6.0,13.51947408349919,8.0,13.528114246752208,10.0,14.37192883214822,8.0,14.928051251899952,6.0,14.090109069058732,7.571428571428571
163,Geno Smith,QB,169,160,3,,,,,,,,,,,,,,,,
164,Malachi Corley,WR,183,161,8,,,,,,,,,,,,,,,,
165,Troy Franklin,WR,192,162,8,,,,,,,,,,,,,,,,
166,Cade Otton,TE,158,163,5,14.97999943031051,5.0,14.959731976343203,4.0,15.485052351066352,5.0,14.940183146713224,5.0,13.784915950532383,7.0,15.959033582765594,4.0,14.748637907768131,6.0,14.979650620785629,5.142857142857143
167,Tyler Conklin,TE,130,164,4,14.49750087681882,6.0,14.068579762399294,6.0,14.847936445519078,6.0,14.312675073965345,7.0,13.671180473364675,7.0,13.962247018365684,7.0,14.935169708054143,5.0,14.327898479783864,6.285714285714286
168,J.K. Dobbins,RB,124,165,5,14.980297019497293,7.0,14.980297019497293,7.0,,,14.980297019497293,8.0,,,,,,,14.980297019497293,7.333333333333333
169,Luke McCaffrey,WR,200,166,9,,,,,,,,,,,,,,,,
170,Noah Fant,TE,187,167,6,14.043507359062078,7.0,13.952300810546078,6.0,13.876347437624018,7.0,15.772192474784664,4.0,13.379266890840077,7.0,12.963009176450573,10.0,14.532588730073051,6.0,14.074173268482935,6.714285714285714
171,Marvin Mims,WR,140,168,7,13.411229715207153,8.0,13.630563451684887,8.0,13.21931269578913,9.0,14.11156018900743,6.0,13.26042038699105,10.0,13.645835403014075,9.0,13.322505978375844,10.0,13.514489688581364,8.571428571428571
172,Isaiah Likely,TE,175,169,6,15.203677024357582,5.0,13.802903690959866,7.0,16.07007887327092,4.0,13.395109046836597,9.0,12.83176431670048,9.0,14.17229487560716,7.0,16.9482628330995,2.0,14.632012951547448,6.142857142857143
173,Ben Sinnott,TE,189,170,6,,,,,,,,,,,,,,,,
174,Jonnu Smith,TE,177,171,6,14.957275309790532,5.0,15.509692105773391,4.0,14.828055230142498,6.0,16.708738048613228,3.0,14.743641096812746,5.0,14.9175006909253,5.0,14.459092500481248,6.0,15.160570711791278,4.857142857142857
175,Jalen McMillan,WR,198,172,9,,,,,,,,,,,,,,,,
176,Chigoziem Okonkwo,TE,157,173,5,15.085998264787293,5.0,14.542980461499573,5.0,15.405100392705805,5.0,14.258806383806968,7.0,14.823042639674604,5.0,14.841398726075669,5.0,15.846620703656027,4.0,14.971992510315134,5.142857142857143
177,Derek Carr,QB,174,174,3,,,,,,,,,,,,,,,,
178,Daniel Jones,QB,179,175,3,,,,,,,,,,,,,,,,
179,Jalen Tolbert,WR,162,176,8,13.2946325694377,9.0,13.654832736415807,8.0,13.276192830048448,9.0,13.495446700483582,8.0,13.928705386791536,9.0,13.61257580338959,9.0,13.127477927476836,10.0,13.48426627914907,8.857142857142858
180,Zay Jones,WR,155,177,7,14.59382986784209,6.0,14.54759755513379,6.0,14.616946024196244,6.0,14.467553132083326,6.0,14.707686401234714,7.0,14.359150602769486,8.0,14.653190232858451,6.0,14.563707688016873,6.428571428571429
181,Darius Slayton,WR,139,178,7,14.895797758691558,6.0,14.44791549749125,6.0,15.357628635937244,5.0,14.21290877225959,6.0,14.52688909778973,8.0,15.067728485416842,6.0,15.390066027849327,5.0,14.84270489649079,6.0
182,Tyler Boyd,WR,164,179,8,14.59284825335845,6.0,14.717929697828072,6.0,14.47473326825945,6.0,14.613861066903029,6.0,15.090693032927671,7.0,15.076415374408644,6.0,14.2137391609292,7.0,14.682888550659214,6.285714285714286
183,DJ Chark,WR,147,180,7,14.023611863095237,7.0,13.769091281954177,8.0,14.22366002272818,7.0,13.596407261579673,7.0,13.923333724596915,9.0,14.292396915430627,8.0,14.278132444236292,7.0,14.015233359088729,7.571428571428571
184,Juwan Johnson,TE,148,181,5,14.474440973986107,6.0,14.03001433573344,6.0,14.813689952085287,6.0,13.658259454843984,9.0,13.869744728519851,7.0,14.4471803147777,6.0,14.97760643626083,5.0,14.32441945660103,6.428571428571429
185,Mike Gesicki,TE,196,182,6,13.651010195961105,8.0,13.782872689798852,7.0,13.259328908798723,8.0,14.208450502057296,7.0,13.670928614516066,7.0,12.812551776940392,10.0,13.380706353096835,9.0,13.537978434452754,8.0
186,Jalin Hyatt,WR,184,183,8,13.863598066962764,8.0,13.750300612128136,8.0,13.898228288530294,8.0,13.38758303741742,8.0,14.230642033435045,8.0,14.49424002278884,7.0,14.452773241014066,7.0,14.01105218603951,7.714285714285714
187,Rondale Moore,WR,167,184,8,13.814835469451792,8.0,13.79700549468779,8.0,13.812924258528028,8.0,13.69357360582674,7.0,13.851386585779808,9.0,13.934093943602797,9.0,13.723031017441803,9.0,13.80383576790268,8.285714285714286
188,Hayden Hurst,TE,186,185,6,13.737484154821717,8.0,13.756560283258064,7.0,13.45864664549756,8.0,14.50098604887909,6.0,13.083356359712544,8.0,13.170180254717131,9.0,,,13.617868957814352,7.666666666666667
189,Kendrick Bourne,WR,109,186,6,14.748459252475383,6.0,14.748459252475383,6.0,,,13.9261494331779,7.0,15.093399926931294,7.0,13.726966904808709,9.0,,,14.448686953973734,7.0
190,Elijah Moore,WR,168,187,8,14.758106586244688,6.0,14.380010083168912,7.0,14.980620444823574,6.0,14.345696311906687,6.0,14.607485270257248,8.0,15.40862186529876,6.0,14.97501779291222,6.0,14.779365479230297,6.428571428571429
191,Dawson Knox,TE,199,188,6,13.74055100359477,8.0,13.414268680115429,8.0,14.501876425046568,6.0,14.149400673376812,7.0,12.48115379876963,10.0,,,14.501876425046568,6.0,13.798187834324963,7.5
192,Odell Beckham,WR,166,189,8,14.485321960074986,6.0,14.201814058894888,7.0,14.91400968629561,6.0,14.016494055486373,7.0,13.86236045992804,9.0,15.13135418306041,6.0,14.40375399144616,7.0,14.430729770740925,6.857142857142857
193,Tucker Kraft,TE,194,190,6,15.11308870774181,5.0,12.546124634420192,10.0,15.39830693811088,5.0,12.546124634420192,11.0,12.546124634420192,10.0,13.867082184276974,7.0,15.847517868732382,4.0,13.98062422887466,7.428571428571429
194,Noah Brown,WR,182,191,8,14.865376425468536,6.0,15.226434046751132,5.0,15.050034887510098,6.0,13.21979758215093,8.0,15.041861229981873,7.0,16.8475267148568,4.0,14.204335946773869,7.0,14.922195261927609,6.142857142857143
195,Trey Palmer,WR,185,192,8,13.772902545805335,8.0,13.657938532615113,8.0,13.929826805942351,8.0,13.419134929668871,8.0,13.95173714217078,9.0,14.307048390509712,8.0,13.903736940428796,8.0,13.848903612448709,8.142857142857142
196,Tyler Higbee,TE,181,193,6,15.229360067591331,5.0,15.038933049501752,4.0,15.069993198666664,6.0,16.472933906927647,3.0,14.98136918888476,5.0,14.762666707249702,5.0,15.554386573746047,5.0,15.3013775275097,4.714285714285714
197,Tim Patrick,WR,171,194,8,,,,,,,,,,,,,,,,
